,danceability,energy,key,loudness,mode,speechiness,acousticness,instrumentalness,liveness,valence,tempo,type,id,uri,track_href,analysis_url,duration_ms,time_signature,Artist,Track,Album,Track ID,language
0,0.664,0.968,11,-3.775,0,0.177,0.291,0,0.241,0.639,134.116,audio_features,08ntOTgpfOo1ZCqUgsxeGo,spotify:track:08ntOTgpfOo1ZCqUgsxeGo,https://api.spotify.com/v1/tracks/08ntOTgpfOo1ZCqUgsxeGo,https://api.spotify.com/v1/audio-analysis/08ntOTgpfOo1ZCqUgsxeGo,225840,4,Dalida,Laissez-moi danser,LES NUMEROS UN DE DALIDA,08ntOTgpfOo1ZCqUgsxeGo,French
1,0.61,0.634,11,-13.052,0,0.154,0.245,0,0.206,0.876,111.364,audio_features,0L4JEAhghqIcwjVyMJv8Yw,spotify:track:0L4JEAhghqIcwjVyMJv8Yw,https://api.spotify.com/v1/tracks/0L4JEAhghqIcwjVyMJv8Yw,https://api.spotify.com/v1/audio-analysis/0L4JEAhghqIcwjVyMJv8Yw,182800,4,Au P'Tit Bonheur,J'veux du soleil,Le Mal De Vivre,0L4JEAhghqIcwjVyMJv8Yw,French
2,0.682,0.818,4,-6.129,0,0.03,0.00434,0.00000471,0.0992,0.894,118.926,audio_features,3utIJ1ebqgyof7OyPLaPAg,spotify:track:3utIJ1ebqgyof7OyPLaPAg,https://api.spotify.com/v1/tracks/3utIJ1ebqgyof7OyPLaPAg,https://api.spotify.com/v1/audio-analysis/3utIJ1ebqgyof7OyPLaPAg,233640,4,Images,Les démons de minuit,Best Of Images & Début De Soirée,3utIJ1ebqgyof7OyPLaPAg,French
3,0.711,0.868,1,-7.146,1,0.0495,0.085,0.0000012,0.0637,0.735,102.916,audio_features,5oKu1Ey6XNDXv5B3LG7kn9,spotify:track:5oKu1Ey6XNDXv5B3LG7kn9,https://api.spotify.com/v1/tracks/5oKu1Ey6XNDXv5B3LG7kn9,https://api.spotify.com/v1/audio-analysis/5oKu1Ey6XNDXv5B3LG7kn9,242414,4,Philippe Cataldo,Les divas du dancing,Les divas du dancing,5oKu1Ey6XNDXv5B3LG7kn9,French
4,0.612,0.915,5,-5.365,1,0.125,0.253,0,0.425,0.738,129.243,audio_features,1c3Covtj7j3rEisBGmhFNO,spotify:track:1c3Covtj7j3rEisBGmhFNO,https://api.spotify.com/v1/tracks/1c3Covtj7j3rEisBGmhFNO,https://api.spotify.com/v1/audio-analysis/1c3Covtj7j3rEisBGmhFNO,252853,4,Michel Sardou,Être une femme,L'album de sa vie 100 titres,1c3Covtj7j3rEisBGmhFNO,French
5,0.693,0.672,10,-5.929,1,0.0383,0.19,0,0.157,0.478,122.066,audio_features,7gx4vX9S0Cri3yFtMYkDSN,spotify:track:7gx4vX9S0Cri3yFtMYkDSN,https://api.spotify.com/v1/tracks/7gx4vX9S0Cri3yFtMYkDSN,https://api.spotify.com/v1/audio-analysis/7gx4vX9S0Cri3yFtMYkDSN,274987,4,Gold,Laissez Nous Chanter - 2017 Remastered,Calicoba (2017 Remastered),7gx4vX9S0Cri3yFtMYkDSN,French
6,0.474,0.93,10,-6.422,0,0.0708,0.241,0.000903,0.052,0.615,199.147,audio_features,3MPmRgJHfD7CADCibQfNgG,spotify:track:3MPmRgJHfD7CADCibQfNgG,https://api.spotify.com/v1/tracks/3MPmRgJHfD7CADCibQfNgG,https://api.spotify.com/v1/audio-analysis/3MPmRgJHfD7CADCibQfNgG,272160,4,Julie Pietri,Eve lève-toi,Eve lève-toi,3MPmRgJHfD7CADCibQfNgG,French
7,0.741,0.64,8,-6.965,1,0.035,0.255,0.0000156,0.0413,0.524,112.266,audio_features,6qfjUmIxPluNISxBgJfvM3,spotify:track:6qfjUmIxPluNISxBgJfvM3,https://api.spotify.com/v1/tracks/6qfjUmIxPluNISxBgJfvM3,https://api.spotify.com/v1/audio-analysis/6qfjUmIxPluNISxBgJfvM3,286533,4,Jean Schultheis,Confidence pour confidence - Version originale 1981,Abracadabra,6qfjUmIxPluNISxBgJfvM3,French
8,0.739,0.63,0,-6.508,1,0.0543,0.402,0,0.572,0.773,119.513,audio_features,7nWMVmzfodNQ5Ezj29yJ3S,spotify:track:7nWMVmzfodNQ5Ezj29yJ3S,https://api.spotify.com/v1/tracks/7nWMVmzfodNQ5Ezj29yJ3S,https://api.spotify.com/v1/audio-analysis/7nWMVmzfodNQ5Ezj29yJ3S,217136,4,Thierry Pastor,Le coup de folie,Le coup de folie,7nWMVmzfodNQ5Ezj29yJ3S,French
9,0.857,0.887,4,-8.142,0,0.0319,0.112,0.00000234,0.135,0.979,130.63,audio_features,6tgOsCso6nMCRg5EtgixZ2,spotify:track:6tgOsCso6nMCRg5EtgixZ2,https://api.spotify.com/v1/tracks/6tgOsCso6nMCRg5EtgixZ2,https://api.spotify.com/v1/audio-analysis/6tgOsCso6nMCRg5EtgixZ2,219836,4,Jean-Pierre Mader,Macumba,Macumba,6tgOsCso6nMCRg5EtgixZ2,French
10,0.838,0.891,2,-8.65,0,0.0355,0.132,0,0.211,0.97,119.478,audio_features,1YXH5a44usvJyNKeMt8NMo,spotify:track:1YXH5a44usvJyNKeMt8NMo,https://api.spotify.com/v1/tracks/1YXH5a44usvJyNKeMt8NMo,https://api.spotify.com/v1/audio-analysis/1YXH5a44usvJyNKeMt8NMo,216126,4,Rose Laurens,Africa,Africa - EP,1YXH5a44usvJyNKeMt8NMo,French
11,0.586,0.638,2,-7.947,1,0.0468,0.174,0.000102,0.276,0.726,171.039,audio_features,31onXo00jgBYBZrdeCYsBX,spotify:track:31onXo00jgBYBZrdeCYsBX,https://api.spotify.com/v1/tracks/31onXo00jgBYBZrdeCYsBX,https://api.spotify.com/v1/audio-analysis/31onXo00jgBYBZrdeCYsBX,204453,4,Michel Delpech,Pour un flirt,Nostalgie la légende présente 50 chansons françaises de légende,31onXo00jgBYBZrdeCYsBX,French
12,0.781,0.867,3,-7.853,0,0.0386,0.0322,0.00000402,0.0471,0.94,121.973,audio_features,2pXzTDfEoA19Fqhtl08Hiw,spotify:track:2pXzTDfEoA19Fqhtl08Hiw,https://api.spotify.com/v1/tracks/2pXzTDfEoA19Fqhtl08Hiw,https://api.spotify.com/v1/audio-analysis/2pXzTDfEoA19Fqhtl08Hiw,253787,4,Début De Soirée,Nuit de folie - Version originale 1988,Best of Début de Soirée (Le meilleur des années 80),2pXzTDfEoA19Fqhtl08Hiw,French
13,0.728,0.742,7,-5.969,0,0.038,0.0564,0,0.0757,0.799,127.749,audio_features,0Wh6e5EkmQseBGVeJqzC9X,spotify:track:0Wh6e5EkmQseBGVeJqzC9X,https://api.spotify.com/v1/tracks/0Wh6e5EkmQseBGVeJqzC9X,https://api.spotify.com/v1/audio-analysis/0Wh6e5EkmQseBGVeJqzC9X,232440,4,Jean-Jacques Goldman,Quand la musique est bonne,Quand la musique est bonne,0Wh6e5EkmQseBGVeJqzC9X,French
14,0.744,0.586,0,-7.177,0,0.0321,0.201,0.00117,0.085,0.423,106.852,audio_features,6lnGjGAl14wojZgyECXAre,spotify:track:6lnGjGAl14wojZgyECXAre,https://api.spotify.com/v1/tracks/6lnGjGAl14wojZgyECXAre,https://api.spotify.com/v1/audio-analysis/6lnGjGAl14wojZgyECXAre,256360,4,France Gall,Hong-Kong Star - Remasterisé en 2004,Débranche (Remasterisé),6lnGjGAl14wojZgyECXAre,French
15,0.5,0.72,0,-5.327,0,0.047,0.261,0,0.0474,0.55,148.323,audio_features,69cjFYQg0lE0e48bgOPhfy,spotify:track:69cjFYQg0lE0e48bgOPhfy,https://api.spotify.com/v1/tracks/69cjFYQg0lE0e48bgOPhfy,https://api.spotify.com/v1/audio-analysis/69cjFYQg0lE0e48bgOPhfy,253893,3,Patricia Kaas,Mon mec à moi,Rien ne s'arrête (1987 - 2001),69cjFYQg0lE0e48bgOPhfy,French
16,0.632,0.759,2,-8.268,1,0.0326,0.142,0.00000302,0.0551,0.921,134.538,audio_features,0dneaU8A59O6238ddgqiFv,spotify:track:0dneaU8A59O6238ddgqiFv,https://api.spotify.com/v1/tracks/0dneaU8A59O6238ddgqiFv,https://api.spotify.com/v1/audio-analysis/0dneaU8A59O6238ddgqiFv,180853,4,Francis Cabrel,La dame de Haute-Savoie - Remastered,Fragile (Remastered),0dneaU8A59O6238ddgqiFv,French
17,0.774,0.683,11,-7.432,0,0.137,0.109,0.00404,0.0853,0.683,114.976,audio_features,3LCup59DMpM3r6fwQsZMYs,spotify:track:3LCup59DMpM3r6fwQsZMYs,https://api.spotify.com/v1/tracks/3LCup59DMpM3r6fwQsZMYs,https://api.spotify.com/v1/audio-analysis/3LCup59DMpM3r6fwQsZMYs,241830,4,Bandolero,Paris Latino - Original Version 1983,Best of Bandolero (Le meilleur des années 80),3LCup59DMpM3r6fwQsZMYs,French
18,0.713,0.523,9,-11.131,0,0.0287,0.131,0.0173,0.0611,0.71,107.501,audio_features,0xjWEElup4X9qmtjnoTmxs,spotify:track:0xjWEElup4X9qmtjnoTmxs,https://api.spotify.com/v1/tracks/0xjWEElup4X9qmtjnoTmxs,https://api.spotify.com/v1/audio-analysis/0xjWEElup4X9qmtjnoTmxs,263093,4,Daniel Balavoine,Sauver l'amour,Sauver l'amour,0xjWEElup4X9qmtjnoTmxs,French
19,0.749,0.922,0,-5.608,0,0.325,0.076,0,0.0814,0.625,132.035,audio_features,1FnzKcZgbc1xi04qE4ekON,spotify:track:1FnzKcZgbc1xi04qE4ekON,https://api.spotify.com/v1/tracks/1FnzKcZgbc1xi04qE4ekON,https://api.spotify.com/v1/audio-analysis/1FnzKcZgbc1xi04qE4ekON,207500,4,Ms Project,Les autres sont jaloux - 2015,Pop France New 80's Remixes (Dancefloor Remixes),1FnzKcZgbc1xi04qE4ekON,French
20,0.618,0.689,1,-13.422,1,0.0331,0.0139,0.00994,0.0414,0.343,124.683,audio_features,6iTDzRePMvmRinBBCCwcEz,spotify:track:6iTDzRePMvmRinBBCCwcEz,https://api.spotify.com/v1/tracks/6iTDzRePMvmRinBBCCwcEz,https://api.spotify.com/v1/audio-analysis/6iTDzRePMvmRinBBCCwcEz,216933,4,Jimmy Somerville,Comment te dire adieu (with June Miles Kingston),Read My Lips,6iTDzRePMvmRinBBCCwcEz,French
21,0.615,0.808,10,-5.639,0,0.0395,0.103,0.0000297,0.362,0.893,91.845,audio_features,1DFe3xd60LTsAnxL9dKmQi,spotify:track:1DFe3xd60LTsAnxL9dKmQi,https://api.spotify.com/v1/tracks/1DFe3xd60LTsAnxL9dKmQi,https://api.spotify.com/v1/audio-analysis/1DFe3xd60LTsAnxL9dKmQi,252827,4,Alain Chamfort,La Fièvre Dans Le Sang,Tendres Fièvres,1DFe3xd60LTsAnxL9dKmQi,French
22,0.796,0.468,11,-10.482,0,0.172,0.442,0,0.0668,0.917,94.584,audio_features,3lwX10MDUwGfSzuwIfQAln,spotify:track:3lwX10MDUwGfSzuwIfQAln,https://api.spotify.com/v1/tracks/3lwX10MDUwGfSzuwIfQAln,https://api.spotify.com/v1/audio-analysis/3lwX10MDUwGfSzuwIfQAln,222580,4,Philippe Lafontaine,Cœur de loup,Fa ma no ni ma (Edition deluxe),3lwX10MDUwGfSzuwIfQAln,French
23,0.755,0.859,10,-9.922,1,0.0626,0.0965,0.000046,0.0663,0.956,133.333,audio_features,6zW9AITRbwNwvSt293g2z8,spotify:track:6zW9AITRbwNwvSt293g2z8,https://api.spotify.com/v1/tracks/6zW9AITRbwNwvSt293g2z8,https://api.spotify.com/v1/audio-analysis/6zW9AITRbwNwvSt293g2z8,235667,4,Thierry Hazard,Le jerk,Pop Music,6zW9AITRbwNwvSt293g2z8,French
24,0.795,0.853,0,-5.75,0,0.0765,0.256,0.00000461,0.0803,0.898,124.699,audio_features,0lpO6RBChno8fzOtvSPMCg,spotify:track:0lpO6RBChno8fzOtvSPMCg,https://api.spotify.com/v1/tracks/0lpO6RBChno8fzOtvSPMCg,https://api.spotify.com/v1/audio-analysis/0lpO6RBChno8fzOtvSPMCg,202400,4,Ottawan,"T'es Ok, T'es Bath, T'es in",The Best Of,0lpO6RBChno8fzOtvSPMCg,French
25,0.74,0.652,11,-16.221,0,0.046,0.0161,0.0739,0.029,0.966,123.85,audio_features,56zKAn6FHbrY7gEyLnIxPV,spotify:track:56zKAn6FHbrY7gEyLnIxPV,https://api.spotify.com/v1/tracks/56zKAn6FHbrY7gEyLnIxPV,https://api.spotify.com/v1/audio-analysis/56zKAn6FHbrY7gEyLnIxPV,328960,4,François Feldman,C'Est Toi Qui M'As Fait,Une Presence,56zKAn6FHbrY7gEyLnIxPV,French
26,0.62,0.803,4,-5.713,0,0.0272,0.141,0.000455,0.0516,0.716,131.753,audio_features,6IOledhFH0nPfNv9VHsNPY,spotify:track:6IOledhFH0nPfNv9VHsNPY,https://api.spotify.com/v1/tracks/6IOledhFH0nPfNv9VHsNPY,https://api.spotify.com/v1/audio-analysis/6IOledhFH0nPfNv9VHsNPY,403613,4,Alain Chamfort,Manureva,Poses,6IOledhFH0nPfNv9VHsNPY,French
27,0.584,0.96,9,-6.071,0,0.0581,0.111,0.0162,0.0831,0.739,141.261,audio_features,2vnWie4CjLwtTUv6VmajdV,spotify:track:2vnWie4CjLwtTUv6VmajdV,https://api.spotify.com/v1/tracks/2vnWie4CjLwtTUv6VmajdV,https://api.spotify.com/v1/audio-analysis/2vnWie4CjLwtTUv6VmajdV,348680,4,Michel Polnareff,Tam tam l'homme prehisto,Pop rock en stock,2vnWie4CjLwtTUv6VmajdV,French
28,0.736,0.927,6,-3.487,0,0.0541,0.678,0.000256,0.217,0.971,156.046,audio_features,0S4dVpqBLnBFj4wdB4UDMd,spotify:track:0S4dVpqBLnBFj4wdB4UDMd,https://api.spotify.com/v1/tracks/0S4dVpqBLnBFj4wdB4UDMd,https://api.spotify.com/v1/audio-analysis/0S4dVpqBLnBFj4wdB4UDMd,246440,4,Partenaire Particulier,Partenaire Particulier,Le son des années 80,0S4dVpqBLnBFj4wdB4UDMd,French
29,0.752,0.829,1,-7.748,0,0.029,0.205,0.00024,0.106,0.967,113.023,audio_features,3mIfnI3wGPoQokyWEeS1Xy,spotify:track:3mIfnI3wGPoQokyWEeS1Xy,https://api.spotify.com/v1/tracks/3mIfnI3wGPoQokyWEeS1Xy,https://api.spotify.com/v1/audio-analysis/3mIfnI3wGPoQokyWEeS1Xy,193542,4,Jean-Pierre Mader,Un pied devant l'autre (Version 45 T),Un pied devant l'autre - EP,3mIfnI3wGPoQokyWEeS1Xy,French
30,0.694,0.831,4,-5.04,0,0.0375,0.419,0,0.0995,0.778,145.383,audio_features,0EOHf5wIscxwzXfzNNvUFl,spotify:track:0EOHf5wIscxwzXfzNNvUFl,https://api.spotify.com/v1/tracks/0EOHf5wIscxwzXfzNNvUFl,https://api.spotify.com/v1/audio-analysis/0EOHf5wIscxwzXfzNNvUFl,282867,4,Jean-Louis Aubert,Juste une illusion,platre et ciment,0EOHf5wIscxwzXfzNNvUFl,French
31,0.732,0.694,11,-11.312,0,0.0703,0.00624,0.00273,0.144,0.722,118.452,audio_features,6G3mO2bHnYlOjwlHJQlUad,spotify:track:6G3mO2bHnYlOjwlHJQlUad,https://api.spotify.com/v1/tracks/6G3mO2bHnYlOjwlHJQlUad,https://api.spotify.com/v1/audio-analysis/6G3mO2bHnYlOjwlHJQlUad,398680,4,Michel Sardou,Afrique adieu,Les années 30,6G3mO2bHnYlOjwlHJQlUad,French
32,0.726,0.876,5,-4.972,1,0.0435,0.354,0.0000145,0.0405,0.566,121.974,audio_features,5GWJCFwVixJJBQS2gAcrt8,spotify:track:5GWJCFwVixJJBQS2gAcrt8,https://api.spotify.com/v1/tracks/5GWJCFwVixJJBQS2gAcrt8,https://api.spotify.com/v1/audio-analysis/5GWJCFwVixJJBQS2gAcrt8,308707,4,Jean-Jacques Goldman,C'est ta chance,Entre gris clair et gris foncé,5GWJCFwVixJJBQS2gAcrt8,French
33,0.738,0.724,1,-10.716,0,0.0275,0.307,0,0.108,0.902,111.094,audio_features,7hBR8snQlAorfOn0PGYxYN,spotify:track:7hBR8snQlAorfOn0PGYxYN,https://api.spotify.com/v1/tracks/7hBR8snQlAorfOn0PGYxYN,https://api.spotify.com/v1/audio-analysis/7hBR8snQlAorfOn0PGYxYN,252027,4,Jean-Jacques Goldman,La vie par procuration,La collection 81-89,7hBR8snQlAorfOn0PGYxYN,French
34,0.772,0.795,7,-5.945,1,0.0328,0.201,0,0.0765,0.819,126.847,audio_features,43THPstJP6RXLMd7ryXyNf,spotify:track:43THPstJP6RXLMd7ryXyNf,https://api.spotify.com/v1/tracks/43THPstJP6RXLMd7ryXyNf,https://api.spotify.com/v1/audio-analysis/43THPstJP6RXLMd7ryXyNf,335747,4,Les Rita Mitsouko,Marcia Baïla,Rita Mitsouko,43THPstJP6RXLMd7ryXyNf,French
35,0.745,0.928,5,-6.484,0,0.0436,0.000189,0.583,0.733,0.797,127.009,audio_features,4WxXZAAstvzBNHgZMcmHAE,spotify:track:4WxXZAAstvzBNHgZMcmHAE,https://api.spotify.com/v1/tracks/4WxXZAAstvzBNHgZMcmHAE,https://api.spotify.com/v1/audio-analysis/4WxXZAAstvzBNHgZMcmHAE,234830,4,Laroche Valmont,T'as le look Coco - T'as le live Remix par Michel Valence,T'as le look Coco,4WxXZAAstvzBNHgZMcmHAE,French
36,0.648,0.948,7,-6.882,1,0.0574,0.0464,0,0.199,0.714,149.059,audio_features,4BU0o1jDS9eT9ZGyh8LaAR,spotify:track:4BU0o1jDS9eT9ZGyh8LaAR,https://api.spotify.com/v1/tracks/4BU0o1jDS9eT9ZGyh8LaAR,https://api.spotify.com/v1/audio-analysis/4BU0o1jDS9eT9ZGyh8LaAR,257040,4,Les Enfoirés,La chanson des Restos - Version 1985,Les 30 ans des Enfoirés 1989 2019,4BU0o1jDS9eT9ZGyh8LaAR,French
37,0.275,0.74,3,-5.511,1,0.0545,0.463,0,0.241,0.362,111.61,audio_features,1jmjyuD8SogPUNwtOnKUWo,spotify:track:1jmjyuD8SogPUNwtOnKUWo,https://api.spotify.com/v1/tracks/1jmjyuD8SogPUNwtOnKUWo,https://api.spotify.com/v1/audio-analysis/1jmjyuD8SogPUNwtOnKUWo,361107,4,Michel Sardou,Les lacs du Connemara,L'album de sa vie 100 titres,1jmjyuD8SogPUNwtOnKUWo,French
38,0.697,0.914,7,-3.872,1,0.0395,0.793,0,0.111,0.896,112.212,audio_features,1Gcv4C4s4aJTtm8THwEdFN,spotify:track:1Gcv4C4s4aJTtm8THwEdFN,https://api.spotify.com/v1/tracks/1Gcv4C4s4aJTtm8THwEdFN,https://api.spotify.com/v1/audio-analysis/1Gcv4C4s4aJTtm8THwEdFN,268240,4,Jeanne Mas,En rouge et noir,best of jeanne mas 2004,1Gcv4C4s4aJTtm8THwEdFN,French
39,0.738,0.599,7,-11.33,1,0.0309,0.147,0.00006,0.218,0.954,128.768,audio_features,0gNkBJ8M4S5pKaxEJuQEI5,spotify:track:0gNkBJ8M4S5pKaxEJuQEI5,https://api.spotify.com/v1/tracks/0gNkBJ8M4S5pKaxEJuQEI5,https://api.spotify.com/v1/audio-analysis/0gNkBJ8M4S5pKaxEJuQEI5,236107,4,Marc Lavoine,Le parking des anges,Marc Lavoine,0gNkBJ8M4S5pKaxEJuQEI5,French
40,0.771,0.85,1,-8.262,0,0.0313,0.153,0.000415,0.0466,0.905,130.889,audio_features,03eUtEW3XBh9dMPqgcn8Vt,spotify:track:03eUtEW3XBh9dMPqgcn8Vt,https://api.spotify.com/v1/tracks/03eUtEW3XBh9dMPqgcn8Vt,https://api.spotify.com/v1/audio-analysis/03eUtEW3XBh9dMPqgcn8Vt,351000,4,Mylène Farmer,Sans contrefaçon - Boy Remix,Sans contrefaçon,03eUtEW3XBh9dMPqgcn8Vt,French
41,0.745,0.732,2,-9.316,1,0.0263,0.0259,0.0000873,0.0779,0.845,118.151,audio_features,0BDFlkfh2YGEw9vDvhNWTJ,spotify:track:0BDFlkfh2YGEw9vDvhNWTJ,https://api.spotify.com/v1/tracks/0BDFlkfh2YGEw9vDvhNWTJ,https://api.spotify.com/v1/audio-analysis/0BDFlkfh2YGEw9vDvhNWTJ,223693,4,Jean-Luc Lahaye,Femme que j'aime,Amour en chanson,0BDFlkfh2YGEw9vDvhNWTJ,French
42,0.714,0.933,7,-6.255,1,0.0652,0.0379,0.0000482,0.0327,0.754,90.51,audio_features,5Zyy1ijzHRoAN89TvW86j5,spotify:track:5Zyy1ijzHRoAN89TvW86j5,https://api.spotify.com/v1/tracks/5Zyy1ijzHRoAN89TvW86j5,https://api.spotify.com/v1/audio-analysis/5Zyy1ijzHRoAN89TvW86j5,250093,4,Michel Sardou,Délire d'amour,L'album de sa vie 100 titres,5Zyy1ijzHRoAN89TvW86j5,French
43,0.703,0.843,8,-7.37,1,0.0613,0.428,0.000144,0.101,0.852,164.607,audio_features,1l8EZBjJIy98iDzkEc76nK,spotify:track:1l8EZBjJIy98iDzkEc76nK,https://api.spotify.com/v1/tracks/1l8EZBjJIy98iDzkEc76nK,https://api.spotify.com/v1/audio-analysis/1l8EZBjJIy98iDzkEc76nK,272000,4,Francis Cabrel,Encore et encore,L'essentiel / 1977 - 2007,1l8EZBjJIy98iDzkEc76nK,French
44,0.556,0.909,4,-9.982,1,0.0444,0.254,0.00058,0.0971,0.633,167.101,audio_features,2UC5XnHA1Wn9FjQmbjNca9,spotify:track:2UC5XnHA1Wn9FjQmbjNca9,https://api.spotify.com/v1/tracks/2UC5XnHA1Wn9FjQmbjNca9,https://api.spotify.com/v1/audio-analysis/2UC5XnHA1Wn9FjQmbjNca9,231960,4,Indochine,L'aventurier,L'aventurier,2UC5XnHA1Wn9FjQmbjNca9,French
45,0.712,0.888,6,-7.086,0,0.0305,0.0635,0.0000209,0.179,0.968,121.005,audio_features,0ktu7Qc4HswTAcy1fLMIsf,spotify:track:0ktu7Qc4HswTAcy1fLMIsf,https://api.spotify.com/v1/tracks/0ktu7Qc4HswTAcy1fLMIsf,https://api.spotify.com/v1/audio-analysis/0ktu7Qc4HswTAcy1fLMIsf,231747,4,Début De Soirée,La vie la nuit,Best of Début de Soirée (Le meilleur des années 80),0ktu7Qc4HswTAcy1fLMIsf,French
46,0.655,0.866,8,-9.591,1,0.0307,0.0592,0.0024,0.0807,0.985,148.549,audio_features,1HkQYQyt8Pufc7HK5Jb9Gh,spotify:track:1HkQYQyt8Pufc7HK5Jb9Gh,https://api.spotify.com/v1/tracks/1HkQYQyt8Pufc7HK5Jb9Gh,https://api.spotify.com/v1/audio-analysis/1HkQYQyt8Pufc7HK5Jb9Gh,280960,4,Indochine,3e sexe,Le Birthday album,1HkQYQyt8Pufc7HK5Jb9Gh,French
47,0.616,0.799,4,-11.853,1,0.0273,0.0123,0.00611,0.031,0.965,141.973,audio_features,3WOFIGsCzse0Wa3kd1UGG8,spotify:track:3WOFIGsCzse0Wa3kd1UGG8,https://api.spotify.com/v1/tracks/3WOFIGsCzse0Wa3kd1UGG8,https://api.spotify.com/v1/audio-analysis/3WOFIGsCzse0Wa3kd1UGG8,322867,4,Indochine,Canary Bay,3,3WOFIGsCzse0Wa3kd1UGG8,French
48,0.648,0.519,6,-9.433,0,0.0351,0.512,0,0.124,0.602,121.647,audio_features,7323BlXkhKKzIebErsa4bo,spotify:track:7323BlXkhKKzIebErsa4bo,https://api.spotify.com/v1/tracks/7323BlXkhKKzIebErsa4bo,https://api.spotify.com/v1/audio-analysis/7323BlXkhKKzIebErsa4bo,233600,4,Michel Sardou,En chantant,L'album de sa vie 100 titres,7323BlXkhKKzIebErsa4bo,French
49,0.732,0.898,9,-6.148,0,0.059,0.298,0.0046,0.128,0.966,146.334,audio_features,2APNdAPP3OviTgALD7awNb,spotify:track:2APNdAPP3OviTgALD7awNb,https://api.spotify.com/v1/tracks/2APNdAPP3OviTgALD7awNb,https://api.spotify.com/v1/audio-analysis/2APNdAPP3OviTgALD7awNb,238547,4,Patrick Bruel,Comment Ca Va Pour Vous ? - Remix,De face,2APNdAPP3OviTgALD7awNb,French
50,0.44,0.845,11,-6.726,0,0.051,0.0114,0,0.252,0.342,116.07,audio_features,05OmZz1tixVBtXMx3cb4oc,spotify:track:05OmZz1tixVBtXMx3cb4oc,https://api.spotify.com/v1/tracks/05OmZz1tixVBtXMx3cb4oc,https://api.spotify.com/v1/audio-analysis/05OmZz1tixVBtXMx3cb4oc,237827,4,Gold,Plus près des étoiles,Le Train De Mes Souvenirs,05OmZz1tixVBtXMx3cb4oc,French
51,0.776,0.623,9,-9.91,0,0.0744,0.133,0.00000493,0.0473,0.779,126.425,audio_features,4PAz1hb8cyKKgHHIGVgoTr,spotify:track:4PAz1hb8cyKKgHHIGVgoTr,https://api.spotify.com/v1/tracks/4PAz1hb8cyKKgHHIGVgoTr,https://api.spotify.com/v1/audio-analysis/4PAz1hb8cyKKgHHIGVgoTr,261107,4,Pat Benesta,Magnolias for Ever,"Hommage à Claude François, Vol. 1",4PAz1hb8cyKKgHHIGVgoTr,French
52,0.711,0.804,9,-7.41,0,0.0698,0.145,0,0.3,0.85,113.539,audio_features,5TpIQ1tVlPnm4SHObswUU6,spotify:track:5TpIQ1tVlPnm4SHObswUU6,https://api.spotify.com/v1/tracks/5TpIQ1tVlPnm4SHObswUU6,https://api.spotify.com/v1/audio-analysis/5TpIQ1tVlPnm4SHObswUU6,249280,4,Chagrin D'amour,Chacun fait (c'qui lui plait),Chacun fait (C'qui lui plait),5TpIQ1tVlPnm4SHObswUU6,French
53,0.757,0.769,7,-11.726,1,0.0518,0.231,0.0000269,0.0619,0.917,116.474,audio_features,6qVHavRuhCeoNq66osK4cL,spotify:track:6qVHavRuhCeoNq66osK4cL,https://api.spotify.com/v1/tracks/6qVHavRuhCeoNq66osK4cL,https://api.spotify.com/v1/audio-analysis/6qVHavRuhCeoNq66osK4cL,253333,4,A Caus' Des Garçons,A caus' des garçons - Radio Version,A caus' des garçons,6qVHavRuhCeoNq66osK4cL,French
54,0.597,0.921,0,-5.455,1,0.0735,0.181,0,0.408,0.666,122.63,audio_features,0XctFbntBgWkpoqCuOynPE,spotify:track:0XctFbntBgWkpoqCuOynPE,https://api.spotify.com/v1/tracks/0XctFbntBgWkpoqCuOynPE,https://api.spotify.com/v1/audio-analysis/0XctFbntBgWkpoqCuOynPE,281720,4,Michel Sardou,Chanteur de jazz,L'album de sa vie 100 titres,0XctFbntBgWkpoqCuOynPE,French
55,0.367,0.525,2,-9.745,0,0.0357,0.107,0,0.0912,0.506,97.009,audio_features,3tJljA8IkRARbsFojNbwRl,spotify:track:3tJljA8IkRARbsFojNbwRl,https://api.spotify.com/v1/tracks/3tJljA8IkRARbsFojNbwRl,https://api.spotify.com/v1/audio-analysis/3tJljA8IkRARbsFojNbwRl,220040,3,Patrick Bruel,À la santé des gens que j'aime,À la santé des gens que j'aime,3tJljA8IkRARbsFojNbwRl,French
56,0.453,0.796,11,-4.804,0,0.129,0.109,0.00000625,0.109,0.571,121.121,audio_features,6xk0Ndi8T5KGLZQhS8DZ4K,spotify:track:6xk0Ndi8T5KGLZQhS8DZ4K,https://api.spotify.com/v1/tracks/6xk0Ndi8T5KGLZQhS8DZ4K,https://api.spotify.com/v1/audio-analysis/6xk0Ndi8T5KGLZQhS8DZ4K,233187,4,Johnny Hallyday,L'envie,Gang (Super deluxe édition),6xk0Ndi8T5KGLZQhS8DZ4K,French
57,0.722,0.668,7,-6.74,0,0.0309,0.334,0.000207,0.0679,0.874,117.159,audio_features,2IAq7NOjlLVe6bnu0YwdOV,spotify:track:2IAq7NOjlLVe6bnu0YwdOV,https://api.spotify.com/v1/tracks/2IAq7NOjlLVe6bnu0YwdOV,https://api.spotify.com/v1/audio-analysis/2IAq7NOjlLVe6bnu0YwdOV,272547,4,France Gall,Résiste,Evidemment,2IAq7NOjlLVe6bnu0YwdOV,French
58,0.525,0.807,2,-6.366,0,0.0725,0.251,0,0.0504,0.741,155.397,audio_features,734dz1YaFITwawPpM25fSt,spotify:track:734dz1YaFITwawPpM25fSt,https://api.spotify.com/v1/tracks/734dz1YaFITwawPpM25fSt,https://api.spotify.com/v1/audio-analysis/734dz1YaFITwawPpM25fSt,215933,4,Zaz,Je veux,Zaz,734dz1YaFITwawPpM25fSt,French
59,0.485,0.616,0,-7.686,0,0.0283,0.117,0,0.143,0.239,139.987,audio_features,4vnIe8OxfwVDpFLuLeukmK,spotify:track:4vnIe8OxfwVDpFLuLeukmK,https://api.spotify.com/v1/tracks/4vnIe8OxfwVDpFLuLeukmK,https://api.spotify.com/v1/audio-analysis/4vnIe8OxfwVDpFLuLeukmK,238453,4,Emmanuel Moire,Etre à la hauteur,Etre A La Hauteur,4vnIe8OxfwVDpFLuLeukmK,French
60,0.668,0.982,9,-4.959,0,0.0293,0.00967,0.00305,0.336,0.906,137.793,audio_features,275EmoPPOyBjovCthvhyb5,spotify:track:275EmoPPOyBjovCthvhyb5,https://api.spotify.com/v1/tracks/275EmoPPOyBjovCthvhyb5,https://api.spotify.com/v1/audio-analysis/275EmoPPOyBjovCthvhyb5,289467,4,Indochine,3 nuits par semaine,Unita (Best Of),275EmoPPOyBjovCthvhyb5,French
61,0.507,0.639,5,-7.803,0,0.0276,0.299,0,0.265,0.49,96.846,audio_features,4nTWwzFWWYnkAXhwLvBUp3,spotify:track:4nTWwzFWWYnkAXhwLvBUp3,https://api.spotify.com/v1/tracks/4nTWwzFWWYnkAXhwLvBUp3,https://api.spotify.com/v1/audio-analysis/4nTWwzFWWYnkAXhwLvBUp3,275787,4,Catherine Lara,Nuit magique,Soirée années 80,4nTWwzFWWYnkAXhwLvBUp3,French
62,0.654,0.514,6,-10.124,1,0.0291,0.221,0,0.0322,0.763,96.079,audio_features,6ri4yWOtcfGpTcigL2YeBe,spotify:track:6ri4yWOtcfGpTcigL2YeBe,https://api.spotify.com/v1/tracks/6ri4yWOtcfGpTcigL2YeBe,https://api.spotify.com/v1/audio-analysis/6ri4yWOtcfGpTcigL2YeBe,232000,4,Axelle Red,Sensualité,Sans plus attendre,6ri4yWOtcfGpTcigL2YeBe,French
63,0.696,0.827,11,-5.663,1,0.0403,0.000157,0.00687,0.111,0.361,120.033,audio_features,5ymgCL2EdEVfQszPj77wn8,spotify:track:5ymgCL2EdEVfQszPj77wn8,https://api.spotify.com/v1/tracks/5ymgCL2EdEVfQszPj77wn8,https://api.spotify.com/v1/audio-analysis/5ymgCL2EdEVfQszPj77wn8,360640,4,Michel Sardou,La même eau qui coule,L'album de sa vie 100 titres,5ymgCL2EdEVfQszPj77wn8,French
64,0.681,0.813,5,-11.683,0,0.0353,0.501,0.066,0.0566,0.881,103.331,audio_features,5wwcuzze9fCy8rgVd1Sb9t,spotify:track:5wwcuzze9fCy8rgVd1Sb9t,https://api.spotify.com/v1/tracks/5wwcuzze9fCy8rgVd1Sb9t,https://api.spotify.com/v1/audio-analysis/5wwcuzze9fCy8rgVd1Sb9t,235227,4,François Valéry,Aimons-Nous Vivants,François Valéry 1987 - 1991,5wwcuzze9fCy8rgVd1Sb9t,French
65,0.654,0.745,9,-11.095,1,0.0383,0.078,0.000035,0.384,0.936,139.454,audio_features,7hniQwujjTc2YdM0nj2Ncu,spotify:track:7hniQwujjTc2YdM0nj2Ncu,https://api.spotify.com/v1/tracks/7hniQwujjTc2YdM0nj2Ncu,https://api.spotify.com/v1/audio-analysis/7hniQwujjTc2YdM0nj2Ncu,267840,4,Téléphone,Ça c'est vraiment toi,Best of,7hniQwujjTc2YdM0nj2Ncu,French
66,0.534,0.807,4,-5.606,1,0.0622,0.0574,0.00000223,0.123,0.348,127.131,audio_features,6Dzz53SHm0zU1lNgIi404K,spotify:track:6Dzz53SHm0zU1lNgIi404K,https://api.spotify.com/v1/tracks/6Dzz53SHm0zU1lNgIi404K,https://api.spotify.com/v1/audio-analysis/6Dzz53SHm0zU1lNgIi404K,251867,4,Stephan Eicher,Le Plus Léger Au Monde,Le Plus Léger Au Monde,6Dzz53SHm0zU1lNgIi404K,French
67,0.529,0.672,0,-10.926,1,0.0459,0.114,0.0385,0.238,0.885,122.183,audio_features,1CJQzwMiSF0N8u8yy2mDqv,spotify:track:1CJQzwMiSF0N8u8yy2mDqv,https://api.spotify.com/v1/tracks/1CJQzwMiSF0N8u8yy2mDqv,https://api.spotify.com/v1/audio-analysis/1CJQzwMiSF0N8u8yy2mDqv,376093,4,Patrick Juvet,Où sont les femmes,Les incontournables de l’été de nos darons (60’s – 90’s),1CJQzwMiSF0N8u8yy2mDqv,French
68,0.709,0.913,0,-5.506,0,0.0342,0.0949,0.00293,0.169,0.964,122.861,audio_features,3HYBUHNXFDZHkkDG36Ad3j,spotify:track:3HYBUHNXFDZHkkDG36Ad3j,https://api.spotify.com/v1/tracks/3HYBUHNXFDZHkkDG36Ad3j,https://api.spotify.com/v1/audio-analysis/3HYBUHNXFDZHkkDG36Ad3j,217385,4,Yianna Katsoulos,Les autres sont jaloux,Vinyles 80's : The Best Of,3HYBUHNXFDZHkkDG36Ad3j,French
69,0.47,0.3,5,-14.771,1,0.0395,0.847,0.00000556,0.114,0.156,145.22,audio_features,3lUXkvly4T9j7Tb5nRENbX,spotify:track:3lUXkvly4T9j7Tb5nRENbX,https://api.spotify.com/v1/tracks/3lUXkvly4T9j7Tb5nRENbX,https://api.spotify.com/v1/audio-analysis/3lUXkvly4T9j7Tb5nRENbX,246053,4,Mecano,Une femme avec une femme,Descanso Dominical (Bonus Tracks Edition),3lUXkvly4T9j7Tb5nRENbX,French
70,0.83,0.652,9,-7.229,1,0.067,0.126,0.00954,0.072,0.847,118.874,audio_features,0ZJgIjGJdYzgb03LSH09Gx,spotify:track:0ZJgIjGJdYzgb03LSH09Gx,https://api.spotify.com/v1/tracks/0ZJgIjGJdYzgb03LSH09Gx,https://api.spotify.com/v1/audio-analysis/0ZJgIjGJdYzgb03LSH09Gx,221800,4,Lio,Amoureux solitaires,Amoureux solitaires,0ZJgIjGJdYzgb03LSH09Gx,French
71,0.691,0.87,7,-7.964,1,0.0348,0.00205,0.675,0.169,0.795,129.013,audio_features,463qaD8WHGFLwYQlc3FlmU,spotify:track:463qaD8WHGFLwYQlc3FlmU,https://api.spotify.com/v1/tracks/463qaD8WHGFLwYQlc3FlmU,https://api.spotify.com/v1/audio-analysis/463qaD8WHGFLwYQlc3FlmU,162507,4,Turnaround Karaoke Crew,Viens Chez Moi J'habite Chez Une Copine (In the Style of Renaud) [Karaoke Version],"Karaoke - French Hits, Vol 11",463qaD8WHGFLwYQlc3FlmU,French
72,0.893,0.456,7,-13.976,0,0.182,0.0228,0.0000412,0.0643,0.404,122.916,audio_features,6ahX5v1qHcOTyiezql22ie,spotify:track:6ahX5v1qHcOTyiezql22ie,https://api.spotify.com/v1/tracks/6ahX5v1qHcOTyiezql22ie,https://api.spotify.com/v1/audio-analysis/6ahX5v1qHcOTyiezql22ie,232830,4,Etienne,Aller,Chez moi,6ahX5v1qHcOTyiezql22ie,French
73,0.527,0.468,5,-10.487,0,0.0339,0.415,0.00000999,0.154,0.648,144.967,audio_features,226aaHSePv2kRAiGEmTlsz,spotify:track:226aaHSePv2kRAiGEmTlsz,https://api.spotify.com/v1/tracks/226aaHSePv2kRAiGEmTlsz,https://api.spotify.com/v1/audio-analysis/226aaHSePv2kRAiGEmTlsz,214285,4,Daniel Balavoine,Vivre ou survivre,Vendeurs de larmes (Remastered),226aaHSePv2kRAiGEmTlsz,French
74,0.632,0.523,1,-12.719,1,0.0294,0.00551,0.188,0.0687,0.585,104.989,audio_features,1nUI5XCjwiVc2kefbz8L3C,spotify:track:1nUI5XCjwiVc2kefbz8L3C,https://api.spotify.com/v1/tracks/1nUI5XCjwiVc2kefbz8L3C,https://api.spotify.com/v1/audio-analysis/1nUI5XCjwiVc2kefbz8L3C,331307,4,Mylène Farmer,Je t'aime mélancolie - Remix Version,L'Autre,1nUI5XCjwiVc2kefbz8L3C,French
75,0.773,0.838,0,-5.577,1,0.0361,0.0275,0.457,0.0693,0.941,121.465,audio_features,52SnTvuVkUdr8Mk7NRhdvi,spotify:track:52SnTvuVkUdr8Mk7NRhdvi,https://api.spotify.com/v1/tracks/52SnTvuVkUdr8Mk7NRhdvi,https://api.spotify.com/v1/audio-analysis/52SnTvuVkUdr8Mk7NRhdvi,206848,4,Magazine 60,Rendez-vous sur la Costa del Sol,Magazine 60 Best Of (Le meilleur des années 80),52SnTvuVkUdr8Mk7NRhdvi,French
76,0.585,0.642,9,-9.74,1,0.0341,0.66,0.00161,0.269,0.774,162.376,audio_features,0LlZsY7Cfa0uBlJjTkSzCE,spotify:track:0LlZsY7Cfa0uBlJjTkSzCE,https://api.spotify.com/v1/tracks/0LlZsY7Cfa0uBlJjTkSzCE,https://api.spotify.com/v1/audio-analysis/0LlZsY7Cfa0uBlJjTkSzCE,141440,4,Téléphone,New-York avec toi,Rappels 1 + 2,0LlZsY7Cfa0uBlJjTkSzCE,French
77,0.585,0.642,9,-9.74,1,0.0341,0.66,0.00161,0.269,0.774,162.376,audio_features,5ICKbSPyUvzYhJOT5ho90Y,spotify:track:5ICKbSPyUvzYhJOT5ho90Y,https://api.spotify.com/v1/tracks/5ICKbSPyUvzYhJOT5ho90Y,https://api.spotify.com/v1/audio-analysis/5ICKbSPyUvzYhJOT5ho90Y,141440,4,Téléphone,New-York avec toi,Best of,5ICKbSPyUvzYhJOT5ho90Y,French
78,0.798,0.822,0,-5.092,0,0.075,0.631,0,0.104,0.74,124.116,audio_features,1LspV6i6qt6KyGkzgJD6Dp,spotify:track:1LspV6i6qt6KyGkzgJD6Dp,https://api.spotify.com/v1/tracks/1LspV6i6qt6KyGkzgJD6Dp,https://api.spotify.com/v1/audio-analysis/1LspV6i6qt6KyGkzgJD6Dp,223067,4,Patricia Kaas,Quand Jimmy dit,Rien ne s'arrête (1987 - 2001),1LspV6i6qt6KyGkzgJD6Dp,French
79,0.668,0.704,9,-9.307,0,0.0332,0.174,0.00000611,0.0866,0.137,112.982,audio_features,1ue54Yyh1O9kMbxEGmuyXo,spotify:track:1ue54Yyh1O9kMbxEGmuyXo,https://api.spotify.com/v1/tracks/1ue54Yyh1O9kMbxEGmuyXo,https://api.spotify.com/v1/audio-analysis/1ue54Yyh1O9kMbxEGmuyXo,271728,4,Gérard Blanc,Une autre histoire,Ailleurs pour un ailleurs...,1ue54Yyh1O9kMbxEGmuyXo,French
80,0.668,0.704,9,-9.307,0,0.0332,0.174,0.00000611,0.0866,0.137,112.982,audio_features,1WTEkCaVzRIW1IXF1sgSuH,spotify:track:1WTEkCaVzRIW1IXF1sgSuH,https://api.spotify.com/v1/tracks/1WTEkCaVzRIW1IXF1sgSuH,https://api.spotify.com/v1/audio-analysis/1WTEkCaVzRIW1IXF1sgSuH,271728,4,Gérard Blanc,Une autre histoire,Une autre histoire,1WTEkCaVzRIW1IXF1sgSuH,French
81,0.791,0.797,9,-5.534,0,0.0443,0.2,0.00018,0.082,0.96,118.593,audio_features,4avt9wdU3AuLGSu4GFTsu0,spotify:track:4avt9wdU3AuLGSu4GFTsu0,https://api.spotify.com/v1/tracks/4avt9wdU3AuLGSu4GFTsu0,https://api.spotify.com/v1/audio-analysis/4avt9wdU3AuLGSu4GFTsu0,204600,4,Léopold Nord & Vous,C'est l'amour (Version originale),C'est L'amour,4avt9wdU3AuLGSu4GFTsu0,French
82,0.789,0.729,5,-5.925,1,0.0405,0.0494,0.741,0.223,0.79,122.008,audio_features,0uQiVseyMPYQ74vQ8zK714,spotify:track:0uQiVseyMPYQ74vQ8zK714,https://api.spotify.com/v1/tracks/0uQiVseyMPYQ74vQ8zK714,https://api.spotify.com/v1/audio-analysis/0uQiVseyMPYQ74vQ8zK714,206520,4,Karaoké Playback Français,Tropique — Karaoké Playback Avec Choeurs — Rendu Célèbre Par Muriel Dacq,Tubes Années 80 Vol. 2,0uQiVseyMPYQ74vQ8zK714,French
83,0.553,0.504,2,-13.569,1,0.0337,0.495,0.015,0.103,0.382,142.092,audio_features,0A87jB4esj0cTaL9wJhvXi,spotify:track:0A87jB4esj0cTaL9wJhvXi,https://api.spotify.com/v1/tracks/0A87jB4esj0cTaL9wJhvXi,https://api.spotify.com/v1/audio-analysis/0A87jB4esj0cTaL9wJhvXi,271360,4,Téléphone,Un autre monde,Best of,0A87jB4esj0cTaL9wJhvXi,French
84,0.553,0.504,2,-13.569,1,0.0337,0.495,0.015,0.103,0.382,142.092,audio_features,6eFh6H0lWeWFWmnUKUWxSe,spotify:track:6eFh6H0lWeWFWmnUKUWxSe,https://api.spotify.com/v1/tracks/6eFh6H0lWeWFWmnUKUWxSe,https://api.spotify.com/v1/audio-analysis/6eFh6H0lWeWFWmnUKUWxSe,271360,4,Téléphone,Un autre monde,Platinum,6eFh6H0lWeWFWmnUKUWxSe,French
85,0.553,0.504,2,-13.569,1,0.0337,0.495,0.015,0.103,0.382,142.092,audio_features,4oHffSfgSnxVkpczkFsXd0,spotify:track:4oHffSfgSnxVkpczkFsXd0,https://api.spotify.com/v1/tracks/4oHffSfgSnxVkpczkFsXd0,https://api.spotify.com/v1/audio-analysis/4oHffSfgSnxVkpczkFsXd0,271360,4,Téléphone,Un autre monde,Rappels 1 + 2,4oHffSfgSnxVkpczkFsXd0,French